{
    "inventory": {
        "gear wheel": 5
    },
    "player": {
        "player_x": 359.0324400924146,
        "player_y": 3412.6051599159837
    }
}