{
    "inventory": [
        [
            "gear wheel",
            11
        ]
    ],
    "player": {
        "player_x": 586.6666666666677,
        "player_y": 4406.666666666644
    }
}