{
    "inventory": [
        [
            "sword",
            1
        ],
        [
            "gear wheel",
            23
        ]
    ],
    "player": {
        "player_x": 2453.3333333333344,
        "player_y": 2726.6666666666615
    }
}