{
    "inventory": {},
    "player": {
        "player_x": 2903.7734400373884,
        "player_y": 645.764329880476
    }
}