{
    "inventory": {
        "gear wheel": 1
    },
    "player": {
        "player_x": 2363.330959994346,
        "player_y": 2147.2405599895865
    }
}