{
    "inventory": [
        [
            "sword",
            1
        ]
    ],
    "player": {
        "player_x": 3533.33333333331,
        "player_y": 1286.666666666668
    }
}